"","id","plate","box","block","temp","nominal_conc","detected_conc","temp_conc","TTKD","status","pesticide"
"1",1,1,"18C_1",1,18,0,0,"18_0",12,1,"azoxystrobin"
"2",2,1,"18C_1",1,18,0,0,"18_0",14,1,"azoxystrobin"
"3",3,1,"18C_1",1,18,0,0,"18_0",22,1,"azoxystrobin"
"4",4,1,"18C_1",1,18,0,0,"18_0",22,1,"azoxystrobin"
"5",5,1,"18C_1",1,18,0,0,"18_0",24,1,"azoxystrobin"
"6",6,2,"18C_2",2,18,0,0,"18_0",24,1,"azoxystrobin"
"7",7,2,"18C_2",2,18,0,0,"18_0",24,1,"azoxystrobin"
"8",8,2,"18C_2",2,18,0,0,"18_0",24,1,"azoxystrobin"
"9",9,2,"18C_2",2,18,0,0,"18_0",26,1,"azoxystrobin"
"10",10,2,"18C_2",2,18,0,0,"18_0",28,1,"azoxystrobin"
"11",11,3,"18C_3",3,18,0,0,"18_0",20,1,"azoxystrobin"
"12",12,3,"18C_3",3,18,0,0,"18_0",20,1,"azoxystrobin"
"13",13,3,"18C_3",3,18,0,0,"18_0",20,1,"azoxystrobin"
"14",14,3,"18C_3",3,18,0,0,"18_0",22,1,"azoxystrobin"
"15",15,3,"18C_3",3,18,0,0,"18_0",24,1,"azoxystrobin"
"16",16,4,"18C_4",2,18,0,0,"18_0",10,1,"azoxystrobin"
"17",17,4,"18C_4",2,18,0,0,"18_0",24,1,"azoxystrobin"
"18",18,4,"18C_4",2,18,0,0,"18_0",26,1,"azoxystrobin"
"19",19,4,"18C_4",2,18,0,0,"18_0",26,1,"azoxystrobin"
"20",20,4,"18C_4",2,18,0,0,"18_0",28,1,"azoxystrobin"
"21",21,5,"24C_1",1,24,0,0,"24_0",10,1,"azoxystrobin"
"22",22,5,"24C_1",1,24,0,0,"24_0",16,1,"azoxystrobin"
"23",23,5,"24C_1",1,24,0,0,"24_0",16,1,"azoxystrobin"
"24",24,5,"24C_1",1,24,0,0,"24_0",16,1,"azoxystrobin"
"25",25,5,"24C_1",1,24,0,0,"24_0",16,1,"azoxystrobin"
"26",26,6,"24C_2",2,24,0,0,"24_0",14,1,"azoxystrobin"
"27",27,6,"24C_2",2,24,0,0,"24_0",16,1,"azoxystrobin"
"28",28,6,"24C_2",2,24,0,0,"24_0",18,1,"azoxystrobin"
"29",29,6,"24C_2",2,24,0,0,"24_0",18,1,"azoxystrobin"
"30",30,6,"24C_2",2,24,0,0,"24_0",18,1,"azoxystrobin"
"31",31,7,"24C_3",3,24,0,0,"24_0",14,1,"azoxystrobin"
"32",32,7,"24C_3",3,24,0,0,"24_0",14,1,"azoxystrobin"
"33",33,7,"24C_3",3,24,0,0,"24_0",14,1,"azoxystrobin"
"34",34,7,"24C_3",3,24,0,0,"24_0",14,1,"azoxystrobin"
"35",35,7,"24C_3",3,24,0,0,"24_0",16,1,"azoxystrobin"
"36",36,8,"24C_4",3,24,0,0,"24_0",12,1,"azoxystrobin"
"37",37,8,"24C_4",3,24,0,0,"24_0",14,1,"azoxystrobin"
"38",38,8,"24C_4",3,24,0,0,"24_0",16,1,"azoxystrobin"
"39",39,8,"24C_4",3,24,0,0,"24_0",16,1,"azoxystrobin"
"40",40,8,"24C_4",3,24,0,0,"24_0",18,1,"azoxystrobin"
"41",41,9,"30C_1",1,30,0,0,"30_0",12,1,"azoxystrobin"
"42",42,9,"30C_1",1,30,0,0,"30_0",12,1,"azoxystrobin"
"43",43,9,"30C_1",1,30,0,0,"30_0",12,1,"azoxystrobin"
"44",44,9,"30C_1",1,30,0,0,"30_0",12,1,"azoxystrobin"
"45",45,9,"30C_1",1,30,0,0,"30_0",12,1,"azoxystrobin"
"46",46,10,"30C_2",1,30,0,0,"30_0",8,1,"azoxystrobin"
"47",47,10,"30C_2",1,30,0,0,"30_0",12,1,"azoxystrobin"
"48",48,10,"30C_2",1,30,0,0,"30_0",12,1,"azoxystrobin"
"49",49,10,"30C_2",1,30,0,0,"30_0",12,1,"azoxystrobin"
"50",50,10,"30C_2",1,30,0,0,"30_0",14,1,"azoxystrobin"
"51",51,11,"30C_3",2,30,0,0,"30_0",8,1,"azoxystrobin"
"52",52,11,"30C_3",2,30,0,0,"30_0",8,1,"azoxystrobin"
"53",53,11,"30C_3",2,30,0,0,"30_0",8,1,"azoxystrobin"
"54",54,11,"30C_3",2,30,0,0,"30_0",10,1,"azoxystrobin"
"55",55,11,"30C_3",2,30,0,0,"30_0",14,1,"azoxystrobin"
"56",56,12,"30C_4",3,30,0,0,"30_0",6,1,"azoxystrobin"
"57",57,12,"30C_4",3,30,0,0,"30_0",8,1,"azoxystrobin"
"58",58,12,"30C_4",3,30,0,0,"30_0",8,1,"azoxystrobin"
"59",59,12,"30C_4",3,30,0,0,"30_0",10,1,"azoxystrobin"
"60",60,12,"30C_4",3,30,0,0,"30_0",10,1,"azoxystrobin"
"61",61,13,"18C_1",1,18,1,1,"18_1",12,1,"azoxystrobin"
"62",62,13,"18C_1",1,18,1,1,"18_1",12,1,"azoxystrobin"
"63",63,13,"18C_1",1,18,1,1,"18_1",16,1,"azoxystrobin"
"64",64,13,"18C_1",1,18,1,1,"18_1",24,1,"azoxystrobin"
"65",65,13,"18C_1",1,18,1,1,"18_1",24,1,"azoxystrobin"
"66",66,14,"18C_2",2,18,1,1,"18_1",20,1,"azoxystrobin"
"67",67,14,"18C_2",2,18,1,1,"18_1",20,1,"azoxystrobin"
"68",68,14,"18C_2",2,18,1,1,"18_1",26,1,"azoxystrobin"
"69",69,14,"18C_2",2,18,1,1,"18_1",26,1,"azoxystrobin"
"70",70,14,"18C_2",2,18,1,1,"18_1",28,1,"azoxystrobin"
"71",71,15,"18C_3",3,18,1,1,"18_1",10,1,"azoxystrobin"
"72",72,15,"18C_3",3,18,1,1,"18_1",20,1,"azoxystrobin"
"73",73,15,"18C_3",3,18,1,1,"18_1",22,1,"azoxystrobin"
"74",74,15,"18C_3",3,18,1,1,"18_1",26,1,"azoxystrobin"
"75",75,15,"18C_3",3,18,1,1,"18_1",26,1,"azoxystrobin"
"76",76,16,"18C_4",2,18,1,1,"18_1",22,1,"azoxystrobin"
"77",77,16,"18C_4",2,18,1,1,"18_1",24,1,"azoxystrobin"
"78",78,16,"18C_4",2,18,1,1,"18_1",24,1,"azoxystrobin"
"79",79,16,"18C_4",2,18,1,1,"18_1",26,1,"azoxystrobin"
"80",80,16,"18C_4",2,18,1,1,"18_1",26,1,"azoxystrobin"
"81",81,17,"24C_1",1,24,1,1,"24_1",12,1,"azoxystrobin"
"82",82,17,"24C_1",1,24,1,1,"24_1",14,1,"azoxystrobin"
"83",83,17,"24C_1",1,24,1,1,"24_1",16,1,"azoxystrobin"
"84",84,17,"24C_1",1,24,1,1,"24_1",16,1,"azoxystrobin"
"85",85,17,"24C_1",1,24,1,1,"24_1",18,1,"azoxystrobin"
"86",86,18,"24C_2",2,24,1,1,"24_1",14,1,"azoxystrobin"
"87",87,18,"24C_2",2,24,1,1,"24_1",16,1,"azoxystrobin"
"88",88,18,"24C_2",2,24,1,1,"24_1",16,1,"azoxystrobin"
"89",89,18,"24C_2",2,24,1,1,"24_1",16,1,"azoxystrobin"
"90",90,18,"24C_2",2,24,1,1,"24_1",18,1,"azoxystrobin"
"91",91,19,"24C_3",3,24,1,1,"24_1",10,1,"azoxystrobin"
"92",92,19,"24C_3",3,24,1,1,"24_1",10,1,"azoxystrobin"
"93",93,19,"24C_3",3,24,1,1,"24_1",12,1,"azoxystrobin"
"94",94,19,"24C_3",3,24,1,1,"24_1",12,1,"azoxystrobin"
"95",95,19,"24C_3",3,24,1,1,"24_1",14,1,"azoxystrobin"
"96",96,20,"24C_4",3,24,1,1,"24_1",14,1,"azoxystrobin"
"97",97,20,"24C_4",3,24,1,1,"24_1",16,1,"azoxystrobin"
"98",98,20,"24C_4",3,24,1,1,"24_1",16,1,"azoxystrobin"
"99",99,20,"24C_4",3,24,1,1,"24_1",18,1,"azoxystrobin"
"100",100,20,"24C_4",3,24,1,1,"24_1",18,1,"azoxystrobin"
"101",101,21,"30C_1",1,30,1,1,"30_1",8,1,"azoxystrobin"
"102",102,21,"30C_1",1,30,1,1,"30_1",12,1,"azoxystrobin"
"103",103,21,"30C_1",1,30,1,1,"30_1",12,1,"azoxystrobin"
"104",104,21,"30C_1",1,30,1,1,"30_1",12,1,"azoxystrobin"
"105",105,21,"30C_1",1,30,1,1,"30_1",12,1,"azoxystrobin"
"106",106,22,"30C_2",1,30,1,1,"30_1",8,1,"azoxystrobin"
"107",107,22,"30C_2",1,30,1,1,"30_1",8,1,"azoxystrobin"
"108",108,22,"30C_2",1,30,1,1,"30_1",8,1,"azoxystrobin"
"109",109,22,"30C_2",1,30,1,1,"30_1",12,1,"azoxystrobin"
"110",110,22,"30C_2",1,30,1,1,"30_1",12,1,"azoxystrobin"
"111",111,23,"30C_3",2,30,1,1,"30_1",8,1,"azoxystrobin"
"112",112,23,"30C_3",2,30,1,1,"30_1",8,1,"azoxystrobin"
"113",113,23,"30C_3",2,30,1,1,"30_1",10,1,"azoxystrobin"
"114",114,23,"30C_3",2,30,1,1,"30_1",12,1,"azoxystrobin"
"115",115,23,"30C_3",2,30,1,1,"30_1",12,1,"azoxystrobin"
"116",116,24,"30C_4",3,30,1,1,"30_1",8,1,"azoxystrobin"
"117",117,24,"30C_4",3,30,1,1,"30_1",8,1,"azoxystrobin"
"118",118,24,"30C_4",3,30,1,1,"30_1",10,1,"azoxystrobin"
"119",119,24,"30C_4",3,30,1,1,"30_1",12,1,"azoxystrobin"
"120",120,24,"30C_4",3,30,1,1,"30_1",12,1,"azoxystrobin"
"121",121,25,"18C_1",1,18,5,5,"18_5",22,1,"azoxystrobin"
"122",122,25,"18C_1",1,18,5,5,"18_5",26,1,"azoxystrobin"
"123",123,25,"18C_1",1,18,5,5,"18_5",26,1,"azoxystrobin"
"124",124,25,"18C_1",1,18,5,5,"18_5",28,1,"azoxystrobin"
"125",125,25,"18C_1",1,18,5,5,"18_5",28,1,"azoxystrobin"
"126",126,26,"18C_2",2,18,5,5,"18_5",24,1,"azoxystrobin"
"127",127,26,"18C_2",2,18,5,5,"18_5",26,1,"azoxystrobin"
"128",128,26,"18C_2",2,18,5,5,"18_5",26,1,"azoxystrobin"
"129",129,26,"18C_2",2,18,5,5,"18_5",26,1,"azoxystrobin"
"130",130,26,"18C_2",2,18,5,5,"18_5",28,1,"azoxystrobin"
"131",131,27,"18C_3",3,18,5,5,"18_5",24,1,"azoxystrobin"
"132",132,27,"18C_3",3,18,5,5,"18_5",24,1,"azoxystrobin"
"133",133,27,"18C_3",3,18,5,5,"18_5",26,1,"azoxystrobin"
"134",134,27,"18C_3",3,18,5,5,"18_5",28,1,"azoxystrobin"
"135",135,27,"18C_3",3,18,5,5,"18_5",28,1,"azoxystrobin"
"136",136,28,"18C_4",2,18,5,5,"18_5",24,1,"azoxystrobin"
"137",137,28,"18C_4",2,18,5,5,"18_5",24,1,"azoxystrobin"
"138",138,28,"18C_4",2,18,5,5,"18_5",26,1,"azoxystrobin"
"139",139,28,"18C_4",2,18,5,5,"18_5",26,1,"azoxystrobin"
"140",140,28,"18C_4",2,18,5,5,"18_5",28,1,"azoxystrobin"
"141",141,29,"24C_1",1,24,5,5,"24_5",16,1,"azoxystrobin"
"142",142,29,"24C_1",1,24,5,5,"24_5",18,1,"azoxystrobin"
"143",143,29,"24C_1",1,24,5,5,"24_5",18,1,"azoxystrobin"
"144",144,29,"24C_1",1,24,5,5,"24_5",18,1,"azoxystrobin"
"145",145,29,"24C_1",1,24,5,5,"24_5",18,1,"azoxystrobin"
"146",146,30,"24C_2",2,24,5,5,"24_5",16,1,"azoxystrobin"
"147",147,30,"24C_2",2,24,5,5,"24_5",16,1,"azoxystrobin"
"148",148,30,"24C_2",2,24,5,5,"24_5",16,1,"azoxystrobin"
"149",149,30,"24C_2",2,24,5,5,"24_5",16,1,"azoxystrobin"
"150",150,30,"24C_2",2,24,5,5,"24_5",18,1,"azoxystrobin"
"151",151,31,"24C_3",3,24,5,5,"24_5",12,1,"azoxystrobin"
"152",152,31,"24C_3",3,24,5,5,"24_5",14,1,"azoxystrobin"
"153",153,31,"24C_3",3,24,5,5,"24_5",16,1,"azoxystrobin"
"154",154,31,"24C_3",3,24,5,5,"24_5",16,1,"azoxystrobin"
"155",155,31,"24C_3",3,24,5,5,"24_5",18,1,"azoxystrobin"
"156",156,32,"24C_4",3,24,5,5,"24_5",14,1,"azoxystrobin"
"157",157,33,"30C_1",1,30,5,5,"30_5",8,1,"azoxystrobin"
"158",158,33,"30C_1",1,30,5,5,"30_5",10,1,"azoxystrobin"
"159",159,33,"30C_1",1,30,5,5,"30_5",10,1,"azoxystrobin"
"160",160,33,"30C_1",1,30,5,5,"30_5",10,1,"azoxystrobin"
"161",161,33,"30C_1",1,30,5,5,"30_5",10,1,"azoxystrobin"
"162",162,34,"30C_2",1,30,5,5,"30_5",8,1,"azoxystrobin"
"163",163,34,"30C_2",1,30,5,5,"30_5",8,1,"azoxystrobin"
"164",164,34,"30C_2",1,30,5,5,"30_5",8,1,"azoxystrobin"
"165",165,34,"30C_2",1,30,5,5,"30_5",12,1,"azoxystrobin"
"166",166,34,"30C_2",1,30,5,5,"30_5",12,1,"azoxystrobin"
"167",167,35,"30C_3",2,30,5,5,"30_5",8,1,"azoxystrobin"
"168",168,35,"30C_3",2,30,5,5,"30_5",8,1,"azoxystrobin"
"169",169,35,"30C_3",2,30,5,5,"30_5",8,1,"azoxystrobin"
"170",170,35,"30C_3",2,30,5,5,"30_5",10,1,"azoxystrobin"
"171",171,35,"30C_3",2,30,5,5,"30_5",10,1,"azoxystrobin"
"172",172,36,"30C_4",3,30,5,5,"30_5",8,1,"azoxystrobin"
"173",173,36,"30C_4",3,30,5,5,"30_5",8,1,"azoxystrobin"
"174",174,36,"30C_4",3,30,5,5,"30_5",8,1,"azoxystrobin"
"175",175,36,"30C_4",3,30,5,5,"30_5",10,1,"azoxystrobin"
"176",176,36,"30C_4",3,30,5,5,"30_5",10,1,"azoxystrobin"
"177",177,37,"18C_1",1,18,10,26,"18_10",10,1,"azoxystrobin"
"178",178,37,"18C_1",1,18,10,26,"18_10",16,1,"azoxystrobin"
"179",179,37,"18C_1",1,18,10,26,"18_10",22,1,"azoxystrobin"
"180",180,37,"18C_1",1,18,10,26,"18_10",26,1,"azoxystrobin"
"181",181,37,"18C_1",1,18,10,26,"18_10",28,1,"azoxystrobin"
"182",182,38,"18C_2",2,18,10,26,"18_10",24,1,"azoxystrobin"
"183",183,38,"18C_2",2,18,10,26,"18_10",24,1,"azoxystrobin"
"184",184,38,"18C_2",2,18,10,26,"18_10",26,1,"azoxystrobin"
"185",185,38,"18C_2",2,18,10,26,"18_10",28,1,"azoxystrobin"
"186",186,38,"18C_2",2,18,10,26,"18_10",28,1,"azoxystrobin"
"187",187,39,"18C_3",3,18,10,26,"18_10",16,1,"azoxystrobin"
"188",188,39,"18C_3",3,18,10,26,"18_10",22,1,"azoxystrobin"
"189",189,39,"18C_3",3,18,10,26,"18_10",24,1,"azoxystrobin"
"190",190,39,"18C_3",3,18,10,26,"18_10",24,1,"azoxystrobin"
"191",191,39,"18C_3",3,18,10,26,"18_10",24,1,"azoxystrobin"
"192",192,40,"18C_4",2,18,10,26,"18_10",24,1,"azoxystrobin"
"193",193,40,"18C_4",2,18,10,26,"18_10",24,1,"azoxystrobin"
"194",194,40,"18C_4",2,18,10,26,"18_10",26,1,"azoxystrobin"
"195",195,40,"18C_4",2,18,10,26,"18_10",26,1,"azoxystrobin"
"196",196,40,"18C_4",2,18,10,26,"18_10",28,1,"azoxystrobin"
"197",197,41,"24C_1",1,24,10,26,"24_10",16,1,"azoxystrobin"
"198",198,41,"24C_1",1,24,10,26,"24_10",16,1,"azoxystrobin"
"199",199,41,"24C_1",1,24,10,26,"24_10",16,1,"azoxystrobin"
"200",200,41,"24C_1",1,24,10,26,"24_10",18,1,"azoxystrobin"
"201",201,41,"24C_1",1,24,10,26,"24_10",20,1,"azoxystrobin"
"202",202,42,"24C_2",2,24,10,26,"24_10",14,1,"azoxystrobin"
"203",203,42,"24C_2",2,24,10,26,"24_10",16,1,"azoxystrobin"
"204",204,42,"24C_2",2,24,10,26,"24_10",16,1,"azoxystrobin"
"205",205,42,"24C_2",2,24,10,26,"24_10",16,1,"azoxystrobin"
"206",206,42,"24C_2",2,24,10,26,"24_10",16,1,"azoxystrobin"
"207",207,43,"24C_3",3,24,10,26,"24_10",16,1,"azoxystrobin"
"208",208,43,"24C_3",3,24,10,26,"24_10",16,1,"azoxystrobin"
"209",209,43,"24C_3",3,24,10,26,"24_10",16,1,"azoxystrobin"
"210",210,43,"24C_3",3,24,10,26,"24_10",18,1,"azoxystrobin"
"211",211,43,"24C_3",3,24,10,26,"24_10",18,1,"azoxystrobin"
"212",212,44,"24C_4",3,24,10,26,"24_10",18,1,"azoxystrobin"
"213",213,44,"24C_4",3,24,10,26,"24_10",18,1,"azoxystrobin"
"214",214,44,"24C_4",3,24,10,26,"24_10",18,1,"azoxystrobin"
"215",215,44,"24C_4",3,24,10,26,"24_10",20,1,"azoxystrobin"
"216",216,44,"24C_4",3,24,10,26,"24_10",20,1,"azoxystrobin"
"217",217,45,"30C_1",1,30,10,26,"30_10",4,1,"azoxystrobin"
"218",218,45,"30C_1",1,30,10,26,"30_10",6,1,"azoxystrobin"
"219",219,45,"30C_1",1,30,10,26,"30_10",8,1,"azoxystrobin"
"220",220,45,"30C_1",1,30,10,26,"30_10",10,1,"azoxystrobin"
"221",221,45,"30C_1",1,30,10,26,"30_10",12,1,"azoxystrobin"
"222",222,46,"30C_2",1,30,10,26,"30_10",8,1,"azoxystrobin"
"223",223,46,"30C_2",1,30,10,26,"30_10",8,1,"azoxystrobin"
"224",224,46,"30C_2",1,30,10,26,"30_10",8,1,"azoxystrobin"
"225",225,46,"30C_2",1,30,10,26,"30_10",10,1,"azoxystrobin"
"226",226,46,"30C_2",1,30,10,26,"30_10",12,1,"azoxystrobin"
"227",227,47,"30C_3",2,30,10,26,"30_10",6,1,"azoxystrobin"
"228",228,47,"30C_3",2,30,10,26,"30_10",6,1,"azoxystrobin"
"229",229,47,"30C_3",2,30,10,26,"30_10",10,1,"azoxystrobin"
"230",230,47,"30C_3",2,30,10,26,"30_10",10,1,"azoxystrobin"
"231",231,47,"30C_3",2,30,10,26,"30_10",12,1,"azoxystrobin"
"232",232,48,"30C_4",3,30,10,26,"30_10",8,1,"azoxystrobin"
"233",233,48,"30C_4",3,30,10,26,"30_10",8,1,"azoxystrobin"
"234",234,48,"30C_4",3,30,10,26,"30_10",10,1,"azoxystrobin"
"235",235,48,"30C_4",3,30,10,26,"30_10",12,1,"azoxystrobin"
"236",236,48,"30C_4",3,30,10,26,"30_10",14,1,"azoxystrobin"
"237",237,49,"18C_1",1,18,20,33,"18_20",24,1,"azoxystrobin"
"238",238,49,"18C_1",1,18,20,33,"18_20",26,1,"azoxystrobin"
"239",239,49,"18C_1",1,18,20,33,"18_20",26,1,"azoxystrobin"
"240",240,49,"18C_1",1,18,20,33,"18_20",26,1,"azoxystrobin"
"241",241,49,"18C_1",1,18,20,33,"18_20",28,1,"azoxystrobin"
"242",242,50,"18C_2",2,18,20,33,"18_20",24,1,"azoxystrobin"
"243",243,50,"18C_2",2,18,20,33,"18_20",24,1,"azoxystrobin"
"244",244,50,"18C_2",2,18,20,33,"18_20",26,1,"azoxystrobin"
"245",245,50,"18C_2",2,18,20,33,"18_20",26,1,"azoxystrobin"
"246",246,50,"18C_2",2,18,20,33,"18_20",28,1,"azoxystrobin"
"247",247,51,"18C_3",3,18,20,33,"18_20",26,1,"azoxystrobin"
"248",248,51,"18C_3",3,18,20,33,"18_20",26,1,"azoxystrobin"
"249",249,51,"18C_3",3,18,20,33,"18_20",26,1,"azoxystrobin"
"250",250,51,"18C_3",3,18,20,33,"18_20",26,1,"azoxystrobin"
"251",251,51,"18C_3",3,18,20,33,"18_20",28,1,"azoxystrobin"
"252",252,52,"18C_4",2,18,20,33,"18_20",24,1,"azoxystrobin"
"253",253,52,"18C_4",2,18,20,33,"18_20",26,1,"azoxystrobin"
"254",254,52,"18C_4",2,18,20,33,"18_20",26,1,"azoxystrobin"
"255",255,52,"18C_4",2,18,20,33,"18_20",28,1,"azoxystrobin"
"256",256,52,"18C_4",2,18,20,33,"18_20",28,1,"azoxystrobin"
"257",257,53,"24C_1",1,24,20,33,"24_20",12,1,"azoxystrobin"
"258",258,53,"24C_1",1,24,20,33,"24_20",14,1,"azoxystrobin"
"259",259,53,"24C_1",1,24,20,33,"24_20",16,1,"azoxystrobin"
"260",260,53,"24C_1",1,24,20,33,"24_20",16,1,"azoxystrobin"
"261",261,53,"24C_1",1,24,20,33,"24_20",18,1,"azoxystrobin"
"262",262,54,"24C_2",2,24,20,33,"24_20",16,1,"azoxystrobin"
"263",263,54,"24C_2",2,24,20,33,"24_20",16,1,"azoxystrobin"
"264",264,54,"24C_2",2,24,20,33,"24_20",18,1,"azoxystrobin"
"265",265,54,"24C_2",2,24,20,33,"24_20",18,1,"azoxystrobin"
"266",266,54,"24C_2",2,24,20,33,"24_20",18,1,"azoxystrobin"
"267",267,55,"24C_3",3,24,20,33,"24_20",14,1,"azoxystrobin"
"268",268,55,"24C_3",3,24,20,33,"24_20",14,1,"azoxystrobin"
"269",269,55,"24C_3",3,24,20,33,"24_20",14,1,"azoxystrobin"
"270",270,55,"24C_3",3,24,20,33,"24_20",16,1,"azoxystrobin"
"271",271,55,"24C_3",3,24,20,33,"24_20",18,1,"azoxystrobin"
"272",272,56,"24C_4",3,24,20,33,"24_20",16,1,"azoxystrobin"
"273",273,56,"24C_4",3,24,20,33,"24_20",16,1,"azoxystrobin"
"274",274,56,"24C_4",3,24,20,33,"24_20",16,1,"azoxystrobin"
"275",275,56,"24C_4",3,24,20,33,"24_20",16,1,"azoxystrobin"
"276",276,56,"24C_4",3,24,20,33,"24_20",18,1,"azoxystrobin"
"277",277,57,"30C_1",1,30,20,33,"30_20",6,1,"azoxystrobin"
"278",278,57,"30C_1",1,30,20,33,"30_20",6,1,"azoxystrobin"
"279",279,57,"30C_1",1,30,20,33,"30_20",8,1,"azoxystrobin"
"280",280,57,"30C_1",1,30,20,33,"30_20",10,1,"azoxystrobin"
"281",281,57,"30C_1",1,30,20,33,"30_20",12,1,"azoxystrobin"
"282",282,58,"30C_2",1,30,20,33,"30_20",8,1,"azoxystrobin"
"283",283,58,"30C_2",1,30,20,33,"30_20",10,1,"azoxystrobin"
"284",284,58,"30C_2",1,30,20,33,"30_20",10,1,"azoxystrobin"
"285",285,58,"30C_2",1,30,20,33,"30_20",12,1,"azoxystrobin"
"286",286,58,"30C_2",1,30,20,33,"30_20",12,1,"azoxystrobin"
"287",287,59,"30C_3",2,30,20,33,"30_20",6,1,"azoxystrobin"
"288",288,59,"30C_3",2,30,20,33,"30_20",6,1,"azoxystrobin"
"289",289,59,"30C_3",2,30,20,33,"30_20",10,1,"azoxystrobin"
"290",290,59,"30C_3",2,30,20,33,"30_20",10,1,"azoxystrobin"
"291",291,59,"30C_3",2,30,20,33,"30_20",10,1,"azoxystrobin"
"292",292,60,"30C_4",3,30,20,33,"30_20",6,1,"azoxystrobin"
"293",293,60,"30C_4",3,30,20,33,"30_20",6,1,"azoxystrobin"
"294",294,60,"30C_4",3,30,20,33,"30_20",6,1,"azoxystrobin"
"295",295,60,"30C_4",3,30,20,33,"30_20",8,1,"azoxystrobin"
"296",296,60,"30C_4",3,30,20,33,"30_20",8,1,"azoxystrobin"
"297",297,61,"18C_1",1,18,30,44,"18_30",24,1,"azoxystrobin"
"298",298,61,"18C_1",1,18,30,44,"18_30",24,1,"azoxystrobin"
"299",299,61,"18C_1",1,18,30,44,"18_30",24,1,"azoxystrobin"
"300",300,61,"18C_1",1,18,30,44,"18_30",28,1,"azoxystrobin"
"301",301,61,"18C_1",1,18,30,44,"18_30",28,1,"azoxystrobin"
"302",302,62,"18C_2",2,18,30,44,"18_30",22,1,"azoxystrobin"
"303",303,62,"18C_2",2,18,30,44,"18_30",24,1,"azoxystrobin"
"304",304,62,"18C_2",2,18,30,44,"18_30",28,1,"azoxystrobin"
"305",305,62,"18C_2",2,18,30,44,"18_30",28,1,"azoxystrobin"
"306",306,62,"18C_2",2,18,30,44,"18_30",28,1,"azoxystrobin"
"307",307,63,"18C_3",3,18,30,44,"18_30",24,1,"azoxystrobin"
"308",308,63,"18C_3",3,18,30,44,"18_30",24,1,"azoxystrobin"
"309",309,63,"18C_3",3,18,30,44,"18_30",28,1,"azoxystrobin"
"310",310,63,"18C_3",3,18,30,44,"18_30",28,1,"azoxystrobin"
"311",311,63,"18C_3",3,18,30,44,"18_30",28,1,"azoxystrobin"
"312",312,64,"18C_4",2,18,30,44,"18_30",24,1,"azoxystrobin"
"313",313,64,"18C_4",2,18,30,44,"18_30",26,1,"azoxystrobin"
"314",314,64,"18C_4",2,18,30,44,"18_30",28,1,"azoxystrobin"
"315",315,64,"18C_4",2,18,30,44,"18_30",28,1,"azoxystrobin"
"316",316,64,"18C_4",2,18,30,44,"18_30",28,1,"azoxystrobin"
"317",317,65,"24C_1",1,24,30,44,"24_30",12,1,"azoxystrobin"
"318",318,65,"24C_1",1,24,30,44,"24_30",16,1,"azoxystrobin"
"319",319,65,"24C_1",1,24,30,44,"24_30",16,1,"azoxystrobin"
"320",320,65,"24C_1",1,24,30,44,"24_30",16,1,"azoxystrobin"
"321",321,65,"24C_1",1,24,30,44,"24_30",18,1,"azoxystrobin"
"322",322,66,"24C_2",2,24,30,44,"24_30",16,1,"azoxystrobin"
"323",323,66,"24C_2",2,24,30,44,"24_30",16,1,"azoxystrobin"
"324",324,66,"24C_2",2,24,30,44,"24_30",16,1,"azoxystrobin"
"325",325,66,"24C_2",2,24,30,44,"24_30",18,1,"azoxystrobin"
"326",326,66,"24C_2",2,24,30,44,"24_30",18,1,"azoxystrobin"
"327",327,67,"24C_3",3,24,30,44,"24_30",12,1,"azoxystrobin"
"328",328,67,"24C_3",3,24,30,44,"24_30",12,1,"azoxystrobin"
"329",329,67,"24C_3",3,24,30,44,"24_30",12,1,"azoxystrobin"
"330",330,67,"24C_3",3,24,30,44,"24_30",18,1,"azoxystrobin"
"331",331,67,"24C_3",3,24,30,44,"24_30",18,1,"azoxystrobin"
"332",332,68,"24C_4",3,24,30,44,"24_30",14,1,"azoxystrobin"
"333",333,68,"24C_4",3,24,30,44,"24_30",16,1,"azoxystrobin"
"334",334,68,"24C_4",3,24,30,44,"24_30",18,1,"azoxystrobin"
"335",335,68,"24C_4",3,24,30,44,"24_30",18,1,"azoxystrobin"
"336",336,68,"24C_4",3,24,30,44,"24_30",18,1,"azoxystrobin"
"337",337,69,"30C_1",1,30,30,44,"30_30",6,1,"azoxystrobin"
"338",338,69,"30C_1",1,30,30,44,"30_30",10,1,"azoxystrobin"
"339",339,69,"30C_1",1,30,30,44,"30_30",10,1,"azoxystrobin"
"340",340,69,"30C_1",1,30,30,44,"30_30",12,1,"azoxystrobin"
"341",341,69,"30C_1",1,30,30,44,"30_30",12,1,"azoxystrobin"
"342",342,70,"30C_2",1,30,30,44,"30_30",8,1,"azoxystrobin"
"343",343,70,"30C_2",1,30,30,44,"30_30",8,1,"azoxystrobin"
"344",344,70,"30C_2",1,30,30,44,"30_30",8,1,"azoxystrobin"
"345",345,70,"30C_2",1,30,30,44,"30_30",10,1,"azoxystrobin"
"346",346,70,"30C_2",1,30,30,44,"30_30",10,1,"azoxystrobin"
"347",347,71,"30C_3",2,30,30,44,"30_30",2,1,"azoxystrobin"
"348",348,71,"30C_3",2,30,30,44,"30_30",8,1,"azoxystrobin"
"349",349,71,"30C_3",2,30,30,44,"30_30",8,1,"azoxystrobin"
"350",350,71,"30C_3",2,30,30,44,"30_30",8,1,"azoxystrobin"
"351",351,71,"30C_3",2,30,30,44,"30_30",10,1,"azoxystrobin"
"352",352,72,"30C_4",3,30,30,44,"30_30",4,1,"azoxystrobin"
"353",353,72,"30C_4",3,30,30,44,"30_30",6,1,"azoxystrobin"
"354",354,72,"30C_4",3,30,30,44,"30_30",8,1,"azoxystrobin"
"355",355,72,"30C_4",3,30,30,44,"30_30",8,1,"azoxystrobin"
"356",356,72,"30C_4",3,30,30,44,"30_30",10,1,"azoxystrobin"
"357",1,1,"18C_1",1,18,0,0,"18_0",22,1,"carbaryl"
"358",2,1,"18C_1",1,18,0,0,"18_0",22,1,"carbaryl"
"359",3,1,"18C_1",1,18,0,0,"18_0",24,1,"carbaryl"
"360",4,1,"18C_1",1,18,0,0,"18_0",24,1,"carbaryl"
"361",5,1,"18C_1",1,18,0,0,"18_0",24,1,"carbaryl"
"362",6,2,"18C_2",2,18,0,0,"18_0",20,1,"carbaryl"
"363",7,2,"18C_2",2,18,0,0,"18_0",24,1,"carbaryl"
"364",8,2,"18C_2",2,18,0,0,"18_0",24,1,"carbaryl"
"365",9,2,"18C_2",2,18,0,0,"18_0",26,1,"carbaryl"
"366",10,2,"18C_2",2,18,0,0,"18_0",28,1,"carbaryl"
"367",11,3,"18C_3",3,18,0,0,"18_0",24,1,"carbaryl"
"368",12,3,"18C_3",3,18,0,0,"18_0",26,1,"carbaryl"
"369",13,3,"18C_3",3,18,0,0,"18_0",28,1,"carbaryl"
"370",14,3,"18C_3",3,18,0,0,"18_0",28,1,"carbaryl"
"371",15,3,"18C_3",3,18,0,0,"18_0",28,1,"carbaryl"
"372",16,4,"18C_4",2,18,0,0,"18_0",22,1,"carbaryl"
"373",17,4,"18C_4",2,18,0,0,"18_0",24,1,"carbaryl"
"374",18,4,"18C_4",2,18,0,0,"18_0",28,1,"carbaryl"
"375",19,4,"18C_4",2,18,0,0,"18_0",28,1,"carbaryl"
"376",20,4,"18C_4",2,18,0,0,"18_0",28,1,"carbaryl"
"377",21,5,"24C_1",1,24,0,0,"24_0",14,1,"carbaryl"
"378",22,5,"24C_1",1,24,0,0,"24_0",16,1,"carbaryl"
"379",23,5,"24C_1",1,24,0,0,"24_0",16,1,"carbaryl"
"380",24,5,"24C_1",1,24,0,0,"24_0",18,1,"carbaryl"
"381",25,5,"24C_1",1,24,0,0,"24_0",20,1,"carbaryl"
"382",26,6,"24C_2",2,24,0,0,"24_0",16,1,"carbaryl"
"383",27,6,"24C_2",2,24,0,0,"24_0",16,1,"carbaryl"
"384",28,6,"24C_2",2,24,0,0,"24_0",16,1,"carbaryl"
"385",29,6,"24C_2",2,24,0,0,"24_0",18,1,"carbaryl"
"386",30,6,"24C_2",2,24,0,0,"24_0",22,1,"carbaryl"
"387",31,7,"24C_3",3,24,0,0,"24_0",10,1,"carbaryl"
"388",32,7,"24C_3",3,24,0,0,"24_0",12,1,"carbaryl"
"389",33,7,"24C_3",3,24,0,0,"24_0",16,1,"carbaryl"
"390",34,7,"24C_3",3,24,0,0,"24_0",16,1,"carbaryl"
"391",35,7,"24C_3",3,24,0,0,"24_0",16,1,"carbaryl"
"392",36,8,"24C_4",3,24,0,0,"24_0",18,1,"carbaryl"
"393",37,8,"24C_4",3,24,0,0,"24_0",18,1,"carbaryl"
"394",38,8,"24C_4",3,24,0,0,"24_0",20,1,"carbaryl"
"395",39,8,"24C_4",3,24,0,0,"24_0",20,1,"carbaryl"
"396",40,8,"24C_4",3,24,0,0,"24_0",22,1,"carbaryl"
"397",41,9,"30C_1",1,30,0,0,"30_0",8,1,"carbaryl"
"398",42,9,"30C_1",1,30,0,0,"30_0",10,1,"carbaryl"
"399",43,9,"30C_1",1,30,0,0,"30_0",12,1,"carbaryl"
"400",44,9,"30C_1",1,30,0,0,"30_0",12,1,"carbaryl"
"401",45,9,"30C_1",1,30,0,0,"30_0",12,1,"carbaryl"
"402",46,10,"30C_2",1,30,0,0,"30_0",8,1,"carbaryl"
"403",47,10,"30C_2",1,30,0,0,"30_0",8,1,"carbaryl"
"404",48,10,"30C_2",1,30,0,0,"30_0",10,1,"carbaryl"
"405",49,10,"30C_2",1,30,0,0,"30_0",10,1,"carbaryl"
"406",50,10,"30C_2",1,30,0,0,"30_0",10,1,"carbaryl"
"407",51,11,"30C_3",2,30,0,0,"30_0",8,1,"carbaryl"
"408",52,11,"30C_3",2,30,0,0,"30_0",8,1,"carbaryl"
"409",53,11,"30C_3",2,30,0,0,"30_0",10,1,"carbaryl"
"410",54,11,"30C_3",2,30,0,0,"30_0",14,1,"carbaryl"
"411",55,11,"30C_3",2,30,0,0,"30_0",16,1,"carbaryl"
"412",56,12,"30C_4",3,30,0,0,"30_0",8,1,"carbaryl"
"413",57,12,"30C_4",3,30,0,0,"30_0",10,1,"carbaryl"
"414",58,12,"30C_4",3,30,0,0,"30_0",10,1,"carbaryl"
"415",59,12,"30C_4",3,30,0,0,"30_0",10,1,"carbaryl"
"416",60,12,"30C_4",3,30,0,0,"30_0",12,1,"carbaryl"
"417",61,13,"18C_1",1,18,600,497,"18_600",24,1,"carbaryl"
"418",62,13,"18C_1",1,18,600,497,"18_600",26,1,"carbaryl"
"419",63,13,"18C_1",1,18,600,497,"18_600",26,1,"carbaryl"
"420",64,13,"18C_1",1,18,600,497,"18_600",28,1,"carbaryl"
"421",65,13,"18C_1",1,18,600,497,"18_600",28,1,"carbaryl"
"422",66,14,"18C_2",2,18,600,497,"18_600",24,1,"carbaryl"
"423",67,14,"18C_2",2,18,600,497,"18_600",24,1,"carbaryl"
"424",68,14,"18C_2",2,18,600,497,"18_600",26,1,"carbaryl"
"425",69,14,"18C_2",2,18,600,497,"18_600",26,1,"carbaryl"
"426",70,14,"18C_2",2,18,600,497,"18_600",28,1,"carbaryl"
"427",71,15,"18C_3",3,18,600,497,"18_600",20,1,"carbaryl"
"428",72,15,"18C_3",3,18,600,497,"18_600",24,1,"carbaryl"
"429",73,15,"18C_3",3,18,600,497,"18_600",24,1,"carbaryl"
"430",74,15,"18C_3",3,18,600,497,"18_600",28,1,"carbaryl"
"431",75,15,"18C_3",3,18,600,497,"18_600",28,1,"carbaryl"
"432",76,16,"18C_4",2,18,600,497,"18_600",22,1,"carbaryl"
"433",77,16,"18C_4",2,18,600,497,"18_600",26,1,"carbaryl"
"434",78,16,"18C_4",2,18,600,497,"18_600",26,1,"carbaryl"
"435",79,16,"18C_4",2,18,600,497,"18_600",28,1,"carbaryl"
"436",80,16,"18C_4",2,18,600,497,"18_600",28,1,"carbaryl"
"437",81,17,"24C_1",1,24,600,497,"24_600",10,1,"carbaryl"
"438",82,17,"24C_1",1,24,600,497,"24_600",12,1,"carbaryl"
"439",83,17,"24C_1",1,24,600,497,"24_600",12,1,"carbaryl"
"440",84,17,"24C_1",1,24,600,497,"24_600",14,1,"carbaryl"
"441",85,17,"24C_1",1,24,600,497,"24_600",16,1,"carbaryl"
"442",86,18,"24C_2",2,24,600,497,"24_600",12,1,"carbaryl"
"443",87,18,"24C_2",2,24,600,497,"24_600",14,1,"carbaryl"
"444",88,18,"24C_2",2,24,600,497,"24_600",14,1,"carbaryl"
"445",89,18,"24C_2",2,24,600,497,"24_600",16,1,"carbaryl"
"446",90,18,"24C_2",2,24,600,497,"24_600",16,1,"carbaryl"
"447",91,19,"24C_3",3,24,600,497,"24_600",2,1,"carbaryl"
"448",92,19,"24C_3",3,24,600,497,"24_600",12,1,"carbaryl"
"449",93,19,"24C_3",3,24,600,497,"24_600",16,1,"carbaryl"
"450",94,19,"24C_3",3,24,600,497,"24_600",16,1,"carbaryl"
"451",95,19,"24C_3",3,24,600,497,"24_600",22,1,"carbaryl"
"452",96,20,"24C_4",3,24,600,497,"24_600",14,1,"carbaryl"
"453",97,20,"24C_4",3,24,600,497,"24_600",14,1,"carbaryl"
"454",98,20,"24C_4",3,24,600,497,"24_600",16,1,"carbaryl"
"455",99,20,"24C_4",3,24,600,497,"24_600",16,1,"carbaryl"
"456",100,20,"24C_4",3,24,600,497,"24_600",20,1,"carbaryl"
"457",101,21,"30C_1",1,30,600,497,"30_600",10,1,"carbaryl"
"458",102,21,"30C_1",1,30,600,497,"30_600",10,1,"carbaryl"
"459",103,21,"30C_1",1,30,600,497,"30_600",10,1,"carbaryl"
"460",104,21,"30C_1",1,30,600,497,"30_600",12,1,"carbaryl"
"461",105,21,"30C_1",1,30,600,497,"30_600",12,1,"carbaryl"
"462",106,22,"30C_2",1,30,600,497,"30_600",8,1,"carbaryl"
"463",107,22,"30C_2",1,30,600,497,"30_600",8,1,"carbaryl"
"464",108,22,"30C_2",1,30,600,497,"30_600",8,1,"carbaryl"
"465",109,22,"30C_2",1,30,600,497,"30_600",10,1,"carbaryl"
"466",110,22,"30C_2",1,30,600,497,"30_600",10,1,"carbaryl"
"467",111,23,"30C_3",2,30,600,497,"30_600",10,1,"carbaryl"
"468",112,23,"30C_3",2,30,600,497,"30_600",10,1,"carbaryl"
"469",113,23,"30C_3",2,30,600,497,"30_600",12,1,"carbaryl"
"470",114,23,"30C_3",2,30,600,497,"30_600",12,1,"carbaryl"
"471",115,23,"30C_3",2,30,600,497,"30_600",14,1,"carbaryl"
"472",116,24,"30C_4",3,30,600,497,"30_600",8,1,"carbaryl"
"473",117,24,"30C_4",3,30,600,497,"30_600",10,1,"carbaryl"
"474",118,24,"30C_4",3,30,600,497,"30_600",10,1,"carbaryl"
"475",119,24,"30C_4",3,30,600,497,"30_600",10,1,"carbaryl"
"476",120,24,"30C_4",3,30,600,497,"30_600",10,1,"carbaryl"
"477",121,25,"18C_1",1,18,800,513,"18_800",12,1,"carbaryl"
"478",122,25,"18C_1",1,18,800,513,"18_800",16,1,"carbaryl"
"479",123,25,"18C_1",1,18,800,513,"18_800",26,1,"carbaryl"
"480",124,25,"18C_1",1,18,800,513,"18_800",28,1,"carbaryl"
"481",125,25,"18C_1",1,18,800,513,"18_800",28,1,"carbaryl"
"482",126,26,"18C_2",2,18,800,513,"18_800",20,1,"carbaryl"
"483",127,26,"18C_2",2,18,800,513,"18_800",20,1,"carbaryl"
"484",128,26,"18C_2",2,18,800,513,"18_800",24,1,"carbaryl"
"485",129,26,"18C_2",2,18,800,513,"18_800",26,1,"carbaryl"
"486",130,26,"18C_2",2,18,800,513,"18_800",26,1,"carbaryl"
"487",131,27,"18C_3",3,18,800,513,"18_800",22,1,"carbaryl"
"488",132,27,"18C_3",3,18,800,513,"18_800",22,1,"carbaryl"
"489",133,27,"18C_3",3,18,800,513,"18_800",28,1,"carbaryl"
"490",134,27,"18C_3",3,18,800,513,"18_800",28,1,"carbaryl"
"491",135,27,"18C_3",3,18,800,513,"18_800",28,1,"carbaryl"
"492",136,28,"18C_4",2,18,800,513,"18_800",22,1,"carbaryl"
"493",137,28,"18C_4",2,18,800,513,"18_800",22,1,"carbaryl"
"494",138,28,"18C_4",2,18,800,513,"18_800",26,1,"carbaryl"
"495",139,28,"18C_4",2,18,800,513,"18_800",26,1,"carbaryl"
"496",140,28,"18C_4",2,18,800,513,"18_800",28,1,"carbaryl"
"497",141,29,"24C_1",1,24,800,513,"24_800",12,1,"carbaryl"
"498",142,29,"24C_1",1,24,800,513,"24_800",12,1,"carbaryl"
"499",143,29,"24C_1",1,24,800,513,"24_800",14,1,"carbaryl"
"500",144,29,"24C_1",1,24,800,513,"24_800",14,1,"carbaryl"
"501",145,29,"24C_1",1,24,800,513,"24_800",16,1,"carbaryl"
"502",146,30,"24C_2",2,24,800,513,"24_800",12,1,"carbaryl"
"503",147,30,"24C_2",2,24,800,513,"24_800",12,1,"carbaryl"
"504",148,30,"24C_2",2,24,800,513,"24_800",14,1,"carbaryl"
"505",149,30,"24C_2",2,24,800,513,"24_800",18,1,"carbaryl"
"506",150,30,"24C_2",2,24,800,513,"24_800",18,1,"carbaryl"
"507",151,31,"24C_3",3,24,800,513,"24_800",10,1,"carbaryl"
"508",152,31,"24C_3",3,24,800,513,"24_800",12,1,"carbaryl"
"509",153,31,"24C_3",3,24,800,513,"24_800",14,1,"carbaryl"
"510",154,31,"24C_3",3,24,800,513,"24_800",16,1,"carbaryl"
"511",155,31,"24C_3",3,24,800,513,"24_800",16,1,"carbaryl"
"512",156,32,"24C_4",3,24,800,513,"24_800",14,1,"carbaryl"
"513",157,32,"24C_4",3,24,800,513,"24_800",16,1,"carbaryl"
"514",158,32,"24C_4",3,24,800,513,"24_800",16,1,"carbaryl"
"515",159,32,"24C_4",3,24,800,513,"24_800",18,1,"carbaryl"
"516",160,32,"24C_4",3,24,800,513,"24_800",20,1,"carbaryl"
"517",161,33,"30C_1",1,30,800,513,"30_800",8,1,"carbaryl"
"518",162,33,"30C_1",1,30,800,513,"30_800",8,1,"carbaryl"
"519",163,33,"30C_1",1,30,800,513,"30_800",12,1,"carbaryl"
"520",164,33,"30C_1",1,30,800,513,"30_800",12,1,"carbaryl"
"521",165,33,"30C_1",1,30,800,513,"30_800",12,1,"carbaryl"
"522",166,34,"30C_2",1,30,800,513,"30_800",10,1,"carbaryl"
"523",167,34,"30C_2",1,30,800,513,"30_800",10,1,"carbaryl"
"524",168,34,"30C_2",1,30,800,513,"30_800",12,1,"carbaryl"
"525",169,34,"30C_2",1,30,800,513,"30_800",12,1,"carbaryl"
"526",170,34,"30C_2",1,30,800,513,"30_800",12,1,"carbaryl"
"527",171,35,"30C_3",2,30,800,513,"30_800",8,1,"carbaryl"
"528",172,35,"30C_3",2,30,800,513,"30_800",14,1,"carbaryl"
"529",173,35,"30C_3",2,30,800,513,"30_800",14,1,"carbaryl"
"530",174,35,"30C_3",2,30,800,513,"30_800",14,1,"carbaryl"
"531",175,35,"30C_3",2,30,800,513,"30_800",14,1,"carbaryl"
"532",176,36,"30C_4",3,30,800,513,"30_800",10,1,"carbaryl"
"533",177,36,"30C_4",3,30,800,513,"30_800",12,1,"carbaryl"
"534",178,36,"30C_4",3,30,800,513,"30_800",16,1,"carbaryl"
"535",179,36,"30C_4",3,30,800,513,"30_800",16,1,"carbaryl"
"536",180,36,"30C_4",3,30,800,513,"30_800",16,1,"carbaryl"
"537",181,37,"18C_1",1,18,1000,667,"18_1000",20,1,"carbaryl"
"538",182,37,"18C_1",1,18,1000,667,"18_1000",24,1,"carbaryl"
"539",183,37,"18C_1",1,18,1000,667,"18_1000",26,1,"carbaryl"
"540",184,37,"18C_1",1,18,1000,667,"18_1000",26,1,"carbaryl"
"541",185,37,"18C_1",1,18,1000,667,"18_1000",28,1,"carbaryl"
"542",186,38,"18C_2",2,18,1000,667,"18_1000",20,1,"carbaryl"
"543",187,38,"18C_2",2,18,1000,667,"18_1000",20,1,"carbaryl"
"544",188,38,"18C_2",2,18,1000,667,"18_1000",24,1,"carbaryl"
"545",189,38,"18C_2",2,18,1000,667,"18_1000",24,1,"carbaryl"
"546",190,38,"18C_2",2,18,1000,667,"18_1000",28,1,"carbaryl"
"547",191,39,"18C_3",3,18,1000,667,"18_1000",16,1,"carbaryl"
"548",192,39,"18C_3",3,18,1000,667,"18_1000",18,1,"carbaryl"
"549",193,39,"18C_3",3,18,1000,667,"18_1000",26,1,"carbaryl"
"550",194,39,"18C_3",3,18,1000,667,"18_1000",28,1,"carbaryl"
"551",195,39,"18C_3",3,18,1000,667,"18_1000",28,1,"carbaryl"
"552",196,40,"18C_4",2,18,1000,667,"18_1000",22,1,"carbaryl"
"553",197,40,"18C_4",2,18,1000,667,"18_1000",22,1,"carbaryl"
"554",198,40,"18C_4",2,18,1000,667,"18_1000",26,1,"carbaryl"
"555",199,40,"18C_4",2,18,1000,667,"18_1000",26,1,"carbaryl"
"556",200,40,"18C_4",2,18,1000,667,"18_1000",28,1,"carbaryl"
"557",201,41,"24C_1",1,24,1000,667,"24_1000",12,1,"carbaryl"
"558",202,41,"24C_1",1,24,1000,667,"24_1000",12,1,"carbaryl"
"559",203,41,"24C_1",1,24,1000,667,"24_1000",12,1,"carbaryl"
"560",204,41,"24C_1",1,24,1000,667,"24_1000",16,1,"carbaryl"
"561",205,41,"24C_1",1,24,1000,667,"24_1000",16,1,"carbaryl"
"562",206,42,"24C_2",2,24,1000,667,"24_1000",14,1,"carbaryl"
"563",207,42,"24C_2",2,24,1000,667,"24_1000",14,1,"carbaryl"
"564",208,42,"24C_2",2,24,1000,667,"24_1000",16,1,"carbaryl"
"565",209,42,"24C_2",2,24,1000,667,"24_1000",18,1,"carbaryl"
"566",210,42,"24C_2",2,24,1000,667,"24_1000",18,1,"carbaryl"
"567",211,43,"24C_3",3,24,1000,667,"24_1000",12,1,"carbaryl"
"568",212,43,"24C_3",3,24,1000,667,"24_1000",12,1,"carbaryl"
"569",213,43,"24C_3",3,24,1000,667,"24_1000",14,1,"carbaryl"
"570",214,43,"24C_3",3,24,1000,667,"24_1000",14,1,"carbaryl"
"571",215,43,"24C_3",3,24,1000,667,"24_1000",14,1,"carbaryl"
"572",216,44,"24C_4",3,24,1000,667,"24_1000",12,1,"carbaryl"
"573",217,44,"24C_4",3,24,1000,667,"24_1000",14,1,"carbaryl"
"574",218,44,"24C_4",3,24,1000,667,"24_1000",18,1,"carbaryl"
"575",219,44,"24C_4",3,24,1000,667,"24_1000",18,1,"carbaryl"
"576",220,44,"24C_4",3,24,1000,667,"24_1000",20,1,"carbaryl"
"577",221,45,"30C_1",1,30,1000,667,"30_1000",10,1,"carbaryl"
"578",222,45,"30C_1",1,30,1000,667,"30_1000",10,1,"carbaryl"
"579",223,45,"30C_1",1,30,1000,667,"30_1000",10,1,"carbaryl"
"580",224,45,"30C_1",1,30,1000,667,"30_1000",12,1,"carbaryl"
"581",225,45,"30C_1",1,30,1000,667,"30_1000",12,1,"carbaryl"
"582",226,46,"30C_2",1,30,1000,667,"30_1000",10,1,"carbaryl"
"583",227,46,"30C_2",1,30,1000,667,"30_1000",10,1,"carbaryl"
"584",228,46,"30C_2",1,30,1000,667,"30_1000",10,1,"carbaryl"
"585",229,46,"30C_2",1,30,1000,667,"30_1000",10,1,"carbaryl"
"586",230,46,"30C_2",1,30,1000,667,"30_1000",10,1,"carbaryl"
"587",231,47,"30C_3",2,30,1000,667,"30_1000",8,1,"carbaryl"
"588",232,47,"30C_3",2,30,1000,667,"30_1000",8,1,"carbaryl"
"589",233,47,"30C_3",2,30,1000,667,"30_1000",10,1,"carbaryl"
"590",234,47,"30C_3",2,30,1000,667,"30_1000",10,1,"carbaryl"
"591",235,47,"30C_3",2,30,1000,667,"30_1000",10,1,"carbaryl"
"592",236,48,"30C_4",3,30,1000,667,"30_1000",10,1,"carbaryl"
"593",237,48,"30C_4",3,30,1000,667,"30_1000",10,1,"carbaryl"
"594",238,48,"30C_4",3,30,1000,667,"30_1000",10,1,"carbaryl"
"595",239,48,"30C_4",3,30,1000,667,"30_1000",12,1,"carbaryl"
"596",240,48,"30C_4",3,30,1000,667,"30_1000",12,1,"carbaryl"
"597",241,49,"18C_1",1,18,1200,688,"18_1200",18,1,"carbaryl"
"598",242,49,"18C_1",1,18,1200,688,"18_1200",20,1,"carbaryl"
"599",243,49,"18C_1",1,18,1200,688,"18_1200",24,1,"carbaryl"
"600",244,49,"18C_1",1,18,1200,688,"18_1200",26,1,"carbaryl"
"601",245,49,"18C_1",1,18,1200,688,"18_1200",26,1,"carbaryl"
"602",246,50,"18C_2",2,18,1200,688,"18_1200",16,1,"carbaryl"
"603",247,50,"18C_2",2,18,1200,688,"18_1200",16,1,"carbaryl"
"604",248,50,"18C_2",2,18,1200,688,"18_1200",20,1,"carbaryl"
"605",249,50,"18C_2",2,18,1200,688,"18_1200",22,1,"carbaryl"
"606",250,50,"18C_2",2,18,1200,688,"18_1200",22,1,"carbaryl"
"607",251,51,"18C_3",3,18,1200,688,"18_1200",18,1,"carbaryl"
"608",252,51,"18C_3",3,18,1200,688,"18_1200",22,1,"carbaryl"
"609",253,51,"18C_3",3,18,1200,688,"18_1200",26,1,"carbaryl"
"610",254,51,"18C_3",3,18,1200,688,"18_1200",26,1,"carbaryl"
"611",255,51,"18C_3",3,18,1200,688,"18_1200",28,1,"carbaryl"
"612",256,52,"18C_4",2,18,1200,688,"18_1200",20,1,"carbaryl"
"613",257,52,"18C_4",2,18,1200,688,"18_1200",22,1,"carbaryl"
"614",258,52,"18C_4",2,18,1200,688,"18_1200",22,1,"carbaryl"
"615",259,52,"18C_4",2,18,1200,688,"18_1200",28,1,"carbaryl"
"616",260,52,"18C_4",2,18,1200,688,"18_1200",28,1,"carbaryl"
"617",261,53,"24C_1",1,24,1200,688,"24_1200",12,1,"carbaryl"
"618",262,53,"24C_1",1,24,1200,688,"24_1200",12,1,"carbaryl"
"619",263,53,"24C_1",1,24,1200,688,"24_1200",16,1,"carbaryl"
"620",264,53,"24C_1",1,24,1200,688,"24_1200",16,1,"carbaryl"
"621",265,53,"24C_1",1,24,1200,688,"24_1200",18,1,"carbaryl"
"622",266,54,"24C_2",2,24,1200,688,"24_1200",12,1,"carbaryl"
"623",267,54,"24C_2",2,24,1200,688,"24_1200",12,1,"carbaryl"
"624",268,54,"24C_2",2,24,1200,688,"24_1200",16,1,"carbaryl"
"625",269,54,"24C_2",2,24,1200,688,"24_1200",16,1,"carbaryl"
"626",270,54,"24C_2",2,24,1200,688,"24_1200",14,1,"carbaryl"
"627",271,55,"24C_3",3,24,1200,688,"24_1200",10,1,"carbaryl"
"628",272,55,"24C_3",3,24,1200,688,"24_1200",10,1,"carbaryl"
"629",273,55,"24C_3",3,24,1200,688,"24_1200",10,1,"carbaryl"
"630",274,55,"24C_3",3,24,1200,688,"24_1200",12,1,"carbaryl"
"631",275,55,"24C_3",3,24,1200,688,"24_1200",14,1,"carbaryl"
"632",276,56,"24C_4",3,24,1200,688,"24_1200",12,1,"carbaryl"
"633",277,56,"24C_4",3,24,1200,688,"24_1200",12,1,"carbaryl"
"634",278,56,"24C_4",3,24,1200,688,"24_1200",14,1,"carbaryl"
"635",279,56,"24C_4",3,24,1200,688,"24_1200",16,1,"carbaryl"
"636",280,56,"24C_4",3,24,1200,688,"24_1200",18,1,"carbaryl"
"637",281,57,"30C_1",1,30,1200,688,"30_1200",8,1,"carbaryl"
"638",282,57,"30C_1",1,30,1200,688,"30_1200",10,1,"carbaryl"
"639",283,57,"30C_1",1,30,1200,688,"30_1200",10,1,"carbaryl"
"640",284,57,"30C_1",1,30,1200,688,"30_1200",10,1,"carbaryl"
"641",285,57,"30C_1",1,30,1200,688,"30_1200",10,1,"carbaryl"
"642",286,58,"30C_2",1,30,1200,688,"30_1200",10,1,"carbaryl"
"643",287,58,"30C_2",1,30,1200,688,"30_1200",10,1,"carbaryl"
"644",288,58,"30C_2",1,30,1200,688,"30_1200",10,1,"carbaryl"
"645",289,58,"30C_2",1,30,1200,688,"30_1200",14,1,"carbaryl"
"646",290,58,"30C_2",1,30,1200,688,"30_1200",14,1,"carbaryl"
"647",291,59,"30C_3",2,30,1200,688,"30_1200",10,1,"carbaryl"
"648",292,59,"30C_3",2,30,1200,688,"30_1200",10,1,"carbaryl"
"649",293,59,"30C_3",2,30,1200,688,"30_1200",10,1,"carbaryl"
"650",294,59,"30C_3",2,30,1200,688,"30_1200",10,1,"carbaryl"
"651",295,59,"30C_3",2,30,1200,688,"30_1200",14,1,"carbaryl"
"652",296,60,"30C_4",3,30,1200,688,"30_1200",8,1,"carbaryl"
"653",297,60,"30C_4",3,30,1200,688,"30_1200",10,1,"carbaryl"
"654",298,60,"30C_4",3,30,1200,688,"30_1200",10,1,"carbaryl"
"655",299,60,"30C_4",3,30,1200,688,"30_1200",10,1,"carbaryl"
"656",300,60,"30C_4",3,30,1200,688,"30_1200",10,1,"carbaryl"
"657",301,61,"18C_1",1,18,1400,778,"18_1400",16,1,"carbaryl"
"658",302,61,"18C_1",1,18,1400,778,"18_1400",16,1,"carbaryl"
"659",303,61,"18C_1",1,18,1400,778,"18_1400",20,1,"carbaryl"
"660",304,61,"18C_1",1,18,1400,778,"18_1400",20,1,"carbaryl"
"661",305,61,"18C_1",1,18,1400,778,"18_1400",22,1,"carbaryl"
"662",306,62,"18C_2",2,18,1400,778,"18_1400",14,1,"carbaryl"
"663",307,62,"18C_2",2,18,1400,778,"18_1400",22,1,"carbaryl"
"664",308,62,"18C_2",2,18,1400,778,"18_1400",24,1,"carbaryl"
"665",309,62,"18C_2",2,18,1400,778,"18_1400",26,1,"carbaryl"
"666",310,62,"18C_2",2,18,1400,778,"18_1400",26,1,"carbaryl"
"667",311,63,"18C_3",3,18,1400,778,"18_1400",14,1,"carbaryl"
"668",312,63,"18C_3",3,18,1400,778,"18_1400",14,1,"carbaryl"
"669",313,63,"18C_3",3,18,1400,778,"18_1400",20,1,"carbaryl"
"670",314,63,"18C_3",3,18,1400,778,"18_1400",24,1,"carbaryl"
"671",315,63,"18C_3",3,18,1400,778,"18_1400",28,1,"carbaryl"
"672",316,64,"18C_4",2,18,1400,778,"18_1400",16,1,"carbaryl"
"673",317,64,"18C_4",2,18,1400,778,"18_1400",16,1,"carbaryl"
"674",318,64,"18C_4",2,18,1400,778,"18_1400",18,1,"carbaryl"
"675",319,64,"18C_4",2,18,1400,778,"18_1400",18,1,"carbaryl"
"676",320,64,"18C_4",2,18,1400,778,"18_1400",22,1,"carbaryl"
"677",321,65,"24C_1",1,24,1400,778,"24_1400",12,1,"carbaryl"
"678",322,65,"24C_1",1,24,1400,778,"24_1400",12,1,"carbaryl"
"679",323,65,"24C_1",1,24,1400,778,"24_1400",14,1,"carbaryl"
"680",324,65,"24C_1",1,24,1400,778,"24_1400",14,1,"carbaryl"
"681",325,65,"24C_1",1,24,1400,778,"24_1400",16,1,"carbaryl"
"682",326,66,"24C_2",2,24,1400,778,"24_1400",10,1,"carbaryl"
"683",327,66,"24C_2",2,24,1400,778,"24_1400",10,1,"carbaryl"
"684",328,66,"24C_2",2,24,1400,778,"24_1400",12,1,"carbaryl"
"685",329,66,"24C_2",2,24,1400,778,"24_1400",12,1,"carbaryl"
"686",330,66,"24C_2",2,24,1400,778,"24_1400",16,1,"carbaryl"
"687",331,67,"24C_3",3,24,1400,778,"24_1400",16,1,"carbaryl"
"688",332,67,"24C_3",3,24,1400,778,"24_1400",16,1,"carbaryl"
"689",333,67,"24C_3",3,24,1400,778,"24_1400",16,1,"carbaryl"
"690",334,67,"24C_3",3,24,1400,778,"24_1400",18,1,"carbaryl"
"691",335,67,"24C_3",3,24,1400,778,"24_1400",18,1,"carbaryl"
"692",336,68,"24C_4",3,24,1400,778,"24_1400",10,1,"carbaryl"
"693",337,68,"24C_4",3,24,1400,778,"24_1400",14,1,"carbaryl"
"694",338,68,"24C_4",3,24,1400,778,"24_1400",14,1,"carbaryl"
"695",339,68,"24C_4",3,24,1400,778,"24_1400",16,1,"carbaryl"
"696",340,68,"24C_4",3,24,1400,778,"24_1400",16,1,"carbaryl"
"697",341,69,"30C_1",1,30,1400,778,"30_1400",8,1,"carbaryl"
"698",342,69,"30C_1",1,30,1400,778,"30_1400",8,1,"carbaryl"
"699",343,69,"30C_1",1,30,1400,778,"30_1400",10,1,"carbaryl"
"700",344,69,"30C_1",1,30,1400,778,"30_1400",10,1,"carbaryl"
"701",345,69,"30C_1",1,30,1400,778,"30_1400",10,1,"carbaryl"
"702",346,70,"30C_2",1,30,1400,778,"30_1400",6,1,"carbaryl"
"703",347,70,"30C_2",1,30,1400,778,"30_1400",8,1,"carbaryl"
"704",348,70,"30C_2",1,30,1400,778,"30_1400",8,1,"carbaryl"
"705",349,70,"30C_2",1,30,1400,778,"30_1400",8,1,"carbaryl"
"706",350,70,"30C_2",1,30,1400,778,"30_1400",8,1,"carbaryl"
"707",351,71,"30C_3",2,30,1400,778,"30_1400",8,1,"carbaryl"
"708",352,71,"30C_3",2,30,1400,778,"30_1400",10,1,"carbaryl"
"709",353,71,"30C_3",2,30,1400,778,"30_1400",10,1,"carbaryl"
"710",354,71,"30C_3",2,30,1400,778,"30_1400",10,1,"carbaryl"
"711",355,71,"30C_3",2,30,1400,778,"30_1400",12,1,"carbaryl"
"712",356,72,"30C_4",3,30,1400,778,"30_1400",8,1,"carbaryl"
"713",357,72,"30C_4",3,30,1400,778,"30_1400",10,1,"carbaryl"
"714",358,72,"30C_4",3,30,1400,778,"30_1400",10,1,"carbaryl"
"715",359,72,"30C_4",3,30,1400,778,"30_1400",10,1,"carbaryl"
"716",360,72,"30C_4",3,30,1400,778,"30_1400",12,1,"carbaryl"
"717",1,1,"18C_1",1,18,0,0,"18_0",26,1,"atrazine"
"718",2,1,"18C_1",1,18,0,0,"18_0",26,1,"atrazine"
"719",3,1,"18C_1",1,18,0,0,"18_0",26,1,"atrazine"
"720",4,1,"18C_1",1,18,0,0,"18_0",26,1,"atrazine"
"721",5,1,"18C_1",1,18,0,0,"18_0",28,1,"atrazine"
"722",6,2,"18C_2",2,18,0,0,"18_0",26,1,"atrazine"
"723",7,2,"18C_2",2,18,0,0,"18_0",26,1,"atrazine"
"724",8,2,"18C_2",2,18,0,0,"18_0",28,1,"atrazine"
"725",9,2,"18C_2",2,18,0,0,"18_0",28,1,"atrazine"
"726",10,2,"18C_2",2,18,0,0,"18_0",28,1,"atrazine"
"727",11,3,"18C_3",3,18,0,0,"18_0",24,1,"atrazine"
"728",12,3,"18C_3",3,18,0,0,"18_0",26,1,"atrazine"
"729",13,3,"18C_3",3,18,0,0,"18_0",26,1,"atrazine"
"730",14,3,"18C_3",3,18,0,0,"18_0",28,1,"atrazine"
"731",15,3,"18C_3",3,18,0,0,"18_0",28,1,"atrazine"
"732",16,4,"18C_4",2,18,0,0,"18_0",24,1,"atrazine"
"733",17,4,"18C_4",2,18,0,0,"18_0",24,1,"atrazine"
"734",18,4,"18C_4",2,18,0,0,"18_0",26,1,"atrazine"
"735",19,4,"18C_4",2,18,0,0,"18_0",26,1,"atrazine"
"736",20,4,"18C_4",2,18,0,0,"18_0",28,1,"atrazine"
"737",21,5,"24C_1",1,24,0,0,"24_0",20,1,"atrazine"
"738",22,5,"24C_1",1,24,0,0,"24_0",20,1,"atrazine"
"739",23,5,"24C_1",1,24,0,0,"24_0",20,1,"atrazine"
"740",24,5,"24C_1",1,24,0,0,"24_0",20,1,"atrazine"
"741",25,5,"24C_1",1,24,0,0,"24_0",20,1,"atrazine"
"742",26,6,"24C_2",2,24,0,0,"24_0",14,1,"atrazine"
"743",27,6,"24C_2",2,24,0,0,"24_0",16,1,"atrazine"
"744",28,6,"24C_2",2,24,0,0,"24_0",16,1,"atrazine"
"745",29,6,"24C_2",2,24,0,0,"24_0",16,1,"atrazine"
"746",30,6,"24C_2",2,24,0,0,"24_0",16,1,"atrazine"
"747",31,7,"24C_3",3,24,0,0,"24_0",8,1,"atrazine"
"748",32,7,"24C_3",3,24,0,0,"24_0",16,1,"atrazine"
"749",33,7,"24C_3",3,24,0,0,"24_0",16,1,"atrazine"
"750",34,7,"24C_3",3,24,0,0,"24_0",18,1,"atrazine"
"751",35,7,"24C_3",3,24,0,0,"24_0",20,1,"atrazine"
"752",36,8,"24C_4",3,24,0,0,"24_0",16,1,"atrazine"
"753",37,8,"24C_4",3,24,0,0,"24_0",18,1,"atrazine"
"754",38,8,"24C_4",3,24,0,0,"24_0",18,1,"atrazine"
"755",39,8,"24C_4",3,24,0,0,"24_0",18,1,"atrazine"
"756",40,8,"24C_4",3,24,0,0,"24_0",18,1,"atrazine"
"757",41,9,"30C_1",1,30,0,0,"30_0",4,1,"atrazine"
"758",42,9,"30C_1",1,30,0,0,"30_0",8,1,"atrazine"
"759",43,9,"30C_1",1,30,0,0,"30_0",10,1,"atrazine"
"760",44,9,"30C_1",1,30,0,0,"30_0",10,1,"atrazine"
"761",45,9,"30C_1",1,30,0,0,"30_0",10,1,"atrazine"
"762",46,10,"30C_2",1,30,0,0,"30_0",10,1,"atrazine"
"763",47,10,"30C_2",1,30,0,0,"30_0",10,1,"atrazine"
"764",48,10,"30C_2",1,30,0,0,"30_0",12,1,"atrazine"
"765",49,10,"30C_2",1,30,0,0,"30_0",12,1,"atrazine"
"766",50,10,"30C_2",1,30,0,0,"30_0",14,1,"atrazine"
"767",51,11,"30C_3",2,30,0,0,"30_0",12,1,"atrazine"
"768",52,11,"30C_3",2,30,0,0,"30_0",12,1,"atrazine"
"769",53,11,"30C_3",2,30,0,0,"30_0",12,1,"atrazine"
"770",54,11,"30C_3",2,30,0,0,"30_0",14,1,"atrazine"
"771",55,11,"30C_3",2,30,0,0,"30_0",14,1,"atrazine"
"772",56,12,"30C_4",3,30,0,0,"30_0",10,1,"atrazine"
"773",57,12,"30C_4",3,30,0,0,"30_0",10,1,"atrazine"
"774",58,12,"30C_4",3,30,0,0,"30_0",12,1,"atrazine"
"775",59,12,"30C_4",3,30,0,0,"30_0",12,1,"atrazine"
"776",60,12,"30C_4",3,30,0,0,"30_0",14,1,"atrazine"
"777",61,13,"18C_1",1,18,10,21,"18_10",24,1,"atrazine"
"778",62,13,"18C_1",1,18,10,21,"18_10",26,1,"atrazine"
"779",63,13,"18C_1",1,18,10,21,"18_10",28,1,"atrazine"
"780",64,13,"18C_1",1,18,10,21,"18_10",28,1,"atrazine"
"781",65,13,"18C_1",1,18,10,21,"18_10",28,1,"atrazine"
"782",66,14,"18C_2",2,18,10,21,"18_10",24,1,"atrazine"
"783",67,14,"18C_2",2,18,10,21,"18_10",26,1,"atrazine"
"784",68,14,"18C_2",2,18,10,21,"18_10",28,1,"atrazine"
"785",69,14,"18C_2",2,18,10,21,"18_10",28,1,"atrazine"
"786",70,14,"18C_2",2,18,10,21,"18_10",28,1,"atrazine"
"787",71,15,"18C_3",3,18,10,21,"18_10",24,1,"atrazine"
"788",72,15,"18C_3",3,18,10,21,"18_10",24,1,"atrazine"
"789",73,15,"18C_3",3,18,10,21,"18_10",24,1,"atrazine"
"790",74,15,"18C_3",3,18,10,21,"18_10",26,1,"atrazine"
"791",75,15,"18C_3",3,18,10,21,"18_10",28,1,"atrazine"
"792",76,16,"18C_4",2,18,10,21,"18_10",22,1,"atrazine"
"793",77,16,"18C_4",2,18,10,21,"18_10",24,1,"atrazine"
"794",78,16,"18C_4",2,18,10,21,"18_10",26,1,"atrazine"
"795",79,16,"18C_4",2,18,10,21,"18_10",28,1,"atrazine"
"796",80,16,"18C_4",2,18,10,21,"18_10",28,1,"atrazine"
"797",81,17,"24C_1",1,24,10,21,"24_10",16,1,"atrazine"
"798",82,17,"24C_1",1,24,10,21,"24_10",20,1,"atrazine"
"799",83,17,"24C_1",1,24,10,21,"24_10",20,1,"atrazine"
"800",84,17,"24C_1",1,24,10,21,"24_10",20,1,"atrazine"
"801",85,17,"24C_1",1,24,10,21,"24_10",20,1,"atrazine"
"802",86,18,"24C_2",2,24,10,21,"24_10",12,1,"atrazine"
"803",87,18,"24C_2",2,24,10,21,"24_10",12,1,"atrazine"
"804",88,18,"24C_2",2,24,10,21,"24_10",12,1,"atrazine"
"805",89,18,"24C_2",2,24,10,21,"24_10",14,1,"atrazine"
"806",90,18,"24C_2",2,24,10,21,"24_10",14,1,"atrazine"
"807",91,19,"24C_3",3,24,10,21,"24_10",12,1,"atrazine"
"808",92,19,"24C_3",3,24,10,21,"24_10",12,1,"atrazine"
"809",93,19,"24C_3",3,24,10,21,"24_10",12,1,"atrazine"
"810",94,19,"24C_3",3,24,10,21,"24_10",14,1,"atrazine"
"811",95,19,"24C_3",3,24,10,21,"24_10",16,1,"atrazine"
"812",96,20,"24C_4",3,24,10,21,"24_10",12,1,"atrazine"
"813",97,20,"24C_4",3,24,10,21,"24_10",14,1,"atrazine"
"814",98,20,"24C_4",3,24,10,21,"24_10",14,1,"atrazine"
"815",99,20,"24C_4",3,24,10,21,"24_10",14,1,"atrazine"
"816",100,20,"24C_4",3,24,10,21,"24_10",16,1,"atrazine"
"817",101,21,"30C_1",1,30,10,21,"30_10",10,1,"atrazine"
"818",102,21,"30C_1",1,30,10,21,"30_10",10,1,"atrazine"
"819",103,21,"30C_1",1,30,10,21,"30_10",10,1,"atrazine"
"820",104,21,"30C_1",1,30,10,21,"30_10",12,1,"atrazine"
"821",105,21,"30C_1",1,30,10,21,"30_10",12,1,"atrazine"
"822",106,22,"30C_2",1,30,10,21,"30_10",6,1,"atrazine"
"823",107,22,"30C_2",1,30,10,21,"30_10",8,1,"atrazine"
"824",108,22,"30C_2",1,30,10,21,"30_10",8,1,"atrazine"
"825",109,22,"30C_2",1,30,10,21,"30_10",10,1,"atrazine"
"826",110,22,"30C_2",1,30,10,21,"30_10",10,1,"atrazine"
"827",111,23,"30C_3",2,30,10,21,"30_10",6,1,"atrazine"
"828",112,23,"30C_3",2,30,10,21,"30_10",6,1,"atrazine"
"829",113,23,"30C_3",2,30,10,21,"30_10",10,1,"atrazine"
"830",114,23,"30C_3",2,30,10,21,"30_10",10,1,"atrazine"
"831",115,23,"30C_3",2,30,10,21,"30_10",10,1,"atrazine"
"832",116,24,"30C_4",3,30,10,21,"30_10",8,1,"atrazine"
"833",117,24,"30C_4",3,30,10,21,"30_10",8,1,"atrazine"
"834",118,24,"30C_4",3,30,10,21,"30_10",8,1,"atrazine"
"835",119,24,"30C_4",3,30,10,21,"30_10",10,1,"atrazine"
"836",120,24,"30C_4",3,30,10,21,"30_10",10,1,"atrazine"
"837",121,25,"18C_1",1,18,20,30,"18_20",20,1,"atrazine"
"838",122,25,"18C_1",1,18,20,30,"18_20",22,1,"atrazine"
"839",123,25,"18C_1",1,18,20,30,"18_20",24,1,"atrazine"
"840",124,25,"18C_1",1,18,20,30,"18_20",24,1,"atrazine"
"841",125,25,"18C_1",1,18,20,30,"18_20",26,1,"atrazine"
"842",126,26,"18C_2",2,18,20,30,"18_20",12,1,"atrazine"
"843",127,26,"18C_2",2,18,20,30,"18_20",24,1,"atrazine"
"844",128,26,"18C_2",2,18,20,30,"18_20",26,1,"atrazine"
"845",129,26,"18C_2",2,18,20,30,"18_20",28,1,"atrazine"
"846",130,26,"18C_2",2,18,20,30,"18_20",28,1,"atrazine"
"847",131,27,"18C_3",3,18,20,30,"18_20",18,1,"atrazine"
"848",132,27,"18C_3",3,18,20,30,"18_20",20,1,"atrazine"
"849",133,27,"18C_3",3,18,20,30,"18_20",24,1,"atrazine"
"850",134,27,"18C_3",3,18,20,30,"18_20",26,1,"atrazine"
"851",135,27,"18C_3",3,18,20,30,"18_20",26,1,"atrazine"
"852",136,28,"18C_4",2,18,20,30,"18_20",18,1,"atrazine"
"853",137,28,"18C_4",2,18,20,30,"18_20",22,1,"atrazine"
"854",138,28,"18C_4",2,18,20,30,"18_20",24,1,"atrazine"
"855",139,28,"18C_4",2,18,20,30,"18_20",26,1,"atrazine"
"856",140,28,"18C_4",2,18,20,30,"18_20",28,1,"atrazine"
"857",141,29,"24C_1",1,24,20,30,"24_20",12,1,"atrazine"
"858",142,29,"24C_1",1,24,20,30,"24_20",12,1,"atrazine"
"859",143,29,"24C_1",1,24,20,30,"24_20",14,1,"atrazine"
"860",144,29,"24C_1",1,24,20,30,"24_20",14,1,"atrazine"
"861",145,29,"24C_1",1,24,20,30,"24_20",16,1,"atrazine"
"862",146,30,"24C_2",2,24,20,30,"24_20",14,1,"atrazine"
"863",147,30,"24C_2",2,24,20,30,"24_20",14,1,"atrazine"
"864",148,30,"24C_2",2,24,20,30,"24_20",14,1,"atrazine"
"865",149,30,"24C_2",2,24,20,30,"24_20",14,1,"atrazine"
"866",150,30,"24C_2",2,24,20,30,"24_20",16,1,"atrazine"
"867",151,31,"24C_3",3,24,20,30,"24_20",12,1,"atrazine"
"868",152,31,"24C_3",3,24,20,30,"24_20",14,1,"atrazine"
"869",153,31,"24C_3",3,24,20,30,"24_20",14,1,"atrazine"
"870",154,31,"24C_3",3,24,20,30,"24_20",18,1,"atrazine"
"871",155,31,"24C_3",3,24,20,30,"24_20",20,1,"atrazine"
"872",156,32,"24C_4",3,24,20,30,"24_20",16,1,"atrazine"
"873",157,32,"24C_4",3,24,20,30,"24_20",16,1,"atrazine"
"874",158,32,"24C_4",3,24,20,30,"24_20",16,1,"atrazine"
"875",159,32,"24C_4",3,24,20,30,"24_20",16,1,"atrazine"
"876",160,32,"24C_4",3,24,20,30,"24_20",20,1,"atrazine"
"877",161,33,"30C_1",1,30,20,30,"30_20",10,1,"atrazine"
"878",162,33,"30C_1",1,30,20,30,"30_20",12,1,"atrazine"
"879",163,33,"30C_1",1,30,20,30,"30_20",12,1,"atrazine"
"880",164,33,"30C_1",1,30,20,30,"30_20",12,1,"atrazine"
"881",165,33,"30C_1",1,30,20,30,"30_20",14,1,"atrazine"
"882",166,34,"30C_2",1,30,20,30,"30_20",8,1,"atrazine"
"883",167,34,"30C_2",1,30,20,30,"30_20",8,1,"atrazine"
"884",168,34,"30C_2",1,30,20,30,"30_20",10,1,"atrazine"
"885",169,34,"30C_2",1,30,20,30,"30_20",10,1,"atrazine"
"886",170,34,"30C_2",1,30,20,30,"30_20",10,1,"atrazine"
"887",171,35,"30C_3",2,30,20,30,"30_20",10,1,"atrazine"
"888",172,35,"30C_3",2,30,20,30,"30_20",10,1,"atrazine"
"889",173,35,"30C_3",2,30,20,30,"30_20",12,1,"atrazine"
"890",174,35,"30C_3",2,30,20,30,"30_20",12,1,"atrazine"
"891",175,35,"30C_3",2,30,20,30,"30_20",12,1,"atrazine"
"892",176,36,"30C_4",3,30,20,30,"30_20",10,1,"atrazine"
"893",177,36,"30C_4",3,30,20,30,"30_20",10,1,"atrazine"
"894",178,36,"30C_4",3,30,20,30,"30_20",10,1,"atrazine"
"895",179,36,"30C_4",3,30,20,30,"30_20",12,1,"atrazine"
"896",180,36,"30C_4",3,30,20,30,"30_20",12,1,"atrazine"
"897",181,37,"18C_1",1,18,50,71,"18_50",24,1,"atrazine"
"898",182,37,"18C_1",1,18,50,71,"18_50",26,1,"atrazine"
"899",183,37,"18C_1",1,18,50,71,"18_50",28,1,"atrazine"
"900",184,37,"18C_1",1,18,50,71,"18_50",28,1,"atrazine"
"901",185,37,"18C_1",1,18,50,71,"18_50",28,1,"atrazine"
"902",186,38,"18C_2",2,18,50,71,"18_50",24,1,"atrazine"
"903",187,38,"18C_2",2,18,50,71,"18_50",26,1,"atrazine"
"904",188,38,"18C_2",2,18,50,71,"18_50",26,1,"atrazine"
"905",189,38,"18C_2",2,18,50,71,"18_50",28,1,"atrazine"
"906",190,38,"18C_2",2,18,50,71,"18_50",28,1,"atrazine"
"907",191,39,"18C_3",3,18,50,71,"18_50",26,1,"atrazine"
"908",192,39,"18C_3",3,18,50,71,"18_50",26,1,"atrazine"
"909",193,39,"18C_3",3,18,50,71,"18_50",26,1,"atrazine"
"910",194,39,"18C_3",3,18,50,71,"18_50",28,1,"atrazine"
"911",195,39,"18C_3",3,18,50,71,"18_50",28,1,"atrazine"
"912",196,40,"18C_4",2,18,50,71,"18_50",24,1,"atrazine"
"913",197,40,"18C_4",2,18,50,71,"18_50",24,1,"atrazine"
"914",198,40,"18C_4",2,18,50,71,"18_50",24,1,"atrazine"
"915",199,40,"18C_4",2,18,50,71,"18_50",26,1,"atrazine"
"916",200,40,"18C_4",2,18,50,71,"18_50",28,1,"atrazine"
"917",201,41,"24C_1",1,24,50,71,"24_50",14,1,"atrazine"
"918",202,41,"24C_1",1,24,50,71,"24_50",14,1,"atrazine"
"919",203,41,"24C_1",1,24,50,71,"24_50",14,1,"atrazine"
"920",204,41,"24C_1",1,24,50,71,"24_50",16,1,"atrazine"
"921",205,41,"24C_1",1,24,50,71,"24_50",16,1,"atrazine"
"922",206,42,"24C_2",2,24,50,71,"24_50",16,1,"atrazine"
"923",207,42,"24C_2",2,24,50,71,"24_50",16,1,"atrazine"
"924",208,42,"24C_2",2,24,50,71,"24_50",18,1,"atrazine"
"925",209,42,"24C_2",2,24,50,71,"24_50",18,1,"atrazine"
"926",210,42,"24C_2",2,24,50,71,"24_50",18,1,"atrazine"
"927",211,43,"24C_3",3,24,50,71,"24_50",12,1,"atrazine"
"928",212,43,"24C_3",3,24,50,71,"24_50",14,1,"atrazine"
"929",213,43,"24C_3",3,24,50,71,"24_50",14,1,"atrazine"
"930",214,43,"24C_3",3,24,50,71,"24_50",14,1,"atrazine"
"931",215,43,"24C_3",3,24,50,71,"24_50",14,1,"atrazine"
"932",216,44,"24C_4",3,24,50,71,"24_50",14,1,"atrazine"
"933",217,44,"24C_4",3,24,50,71,"24_50",14,1,"atrazine"
"934",218,44,"24C_4",3,24,50,71,"24_50",16,1,"atrazine"
"935",219,44,"24C_4",3,24,50,71,"24_50",16,1,"atrazine"
"936",220,44,"24C_4",3,24,50,71,"24_50",16,1,"atrazine"
"937",221,45,"30C_1",1,30,50,71,"30_50",8,1,"atrazine"
"938",222,45,"30C_1",1,30,50,71,"30_50",12,1,"atrazine"
"939",223,45,"30C_1",1,30,50,71,"30_50",12,1,"atrazine"
"940",224,45,"30C_1",1,30,50,71,"30_50",14,1,"atrazine"
"941",225,45,"30C_1",1,30,50,71,"30_50",14,1,"atrazine"
"942",226,46,"30C_2",1,30,50,71,"30_50",12,1,"atrazine"
"943",227,46,"30C_2",1,30,50,71,"30_50",12,1,"atrazine"
"944",228,46,"30C_2",1,30,50,71,"30_50",12,1,"atrazine"
"945",229,46,"30C_2",1,30,50,71,"30_50",14,1,"atrazine"
"946",230,46,"30C_2",1,30,50,71,"30_50",14,1,"atrazine"
"947",231,47,"30C_3",2,30,50,71,"30_50",8,1,"atrazine"
"948",232,47,"30C_3",2,30,50,71,"30_50",10,1,"atrazine"
"949",233,47,"30C_3",2,30,50,71,"30_50",12,1,"atrazine"
"950",234,47,"30C_3",2,30,50,71,"30_50",12,1,"atrazine"
"951",235,47,"30C_3",2,30,50,71,"30_50",12,1,"atrazine"
"952",236,48,"30C_4",3,30,50,71,"30_50",6,1,"atrazine"
"953",237,48,"30C_4",3,30,50,71,"30_50",8,1,"atrazine"
"954",238,48,"30C_4",3,30,50,71,"30_50",10,1,"atrazine"
"955",239,48,"30C_4",3,30,50,71,"30_50",10,1,"atrazine"
"956",240,48,"30C_4",3,30,50,71,"30_50",10,1,"atrazine"
"957",241,49,"18C_1",1,18,100,178,"18_100",24,1,"atrazine"
"958",242,49,"18C_1",1,18,100,178,"18_100",24,1,"atrazine"
"959",243,49,"18C_1",1,18,100,178,"18_100",26,1,"atrazine"
"960",244,49,"18C_1",1,18,100,178,"18_100",28,1,"atrazine"
"961",245,49,"18C_1",1,18,100,178,"18_100",28,1,"atrazine"
"962",246,50,"18C_2",2,18,100,178,"18_100",26,1,"atrazine"
"963",247,50,"18C_2",2,18,100,178,"18_100",26,1,"atrazine"
"964",248,50,"18C_2",2,18,100,178,"18_100",26,1,"atrazine"
"965",249,50,"18C_2",2,18,100,178,"18_100",26,1,"atrazine"
"966",250,50,"18C_2",2,18,100,178,"18_100",28,1,"atrazine"
"967",251,51,"18C_3",3,18,100,178,"18_100",24,1,"atrazine"
"968",252,51,"18C_3",3,18,100,178,"18_100",26,1,"atrazine"
"969",253,51,"18C_3",3,18,100,178,"18_100",26,1,"atrazine"
"970",254,51,"18C_3",3,18,100,178,"18_100",26,1,"atrazine"
"971",255,51,"18C_3",3,18,100,178,"18_100",28,1,"atrazine"
"972",256,52,"18C_4",2,18,100,178,"18_100",26,1,"atrazine"
"973",257,52,"18C_4",2,18,100,178,"18_100",26,1,"atrazine"
"974",258,52,"18C_4",2,18,100,178,"18_100",26,1,"atrazine"
"975",259,52,"18C_4",2,18,100,178,"18_100",28,1,"atrazine"
"976",260,52,"18C_4",2,18,100,178,"18_100",28,1,"atrazine"
"977",261,53,"24C_1",1,24,100,178,"24_100",6,1,"atrazine"
"978",262,53,"24C_1",1,24,100,178,"24_100",14,1,"atrazine"
"979",263,53,"24C_1",1,24,100,178,"24_100",14,1,"atrazine"
"980",264,53,"24C_1",1,24,100,178,"24_100",14,1,"atrazine"
"981",265,53,"24C_1",1,24,100,178,"24_100",20,1,"atrazine"
"982",266,54,"24C_2",2,24,100,178,"24_100",12,1,"atrazine"
"983",267,54,"24C_2",2,24,100,178,"24_100",14,1,"atrazine"
"984",268,54,"24C_2",2,24,100,178,"24_100",14,1,"atrazine"
"985",269,54,"24C_2",2,24,100,178,"24_100",14,1,"atrazine"
"986",270,54,"24C_2",2,24,100,178,"24_100",14,1,"atrazine"
"987",271,55,"24C_3",3,24,100,178,"24_100",14,1,"atrazine"
"988",272,55,"24C_3",3,24,100,178,"24_100",18,1,"atrazine"
"989",273,55,"24C_3",3,24,100,178,"24_100",18,1,"atrazine"
"990",274,55,"24C_3",3,24,100,178,"24_100",18,1,"atrazine"
"991",275,55,"24C_3",3,24,100,178,"24_100",18,1,"atrazine"
"992",276,56,"24C_4",3,24,100,178,"24_100",14,1,"atrazine"
"993",277,56,"24C_4",3,24,100,178,"24_100",14,1,"atrazine"
"994",278,56,"24C_4",3,24,100,178,"24_100",14,1,"atrazine"
"995",279,56,"24C_4",3,24,100,178,"24_100",16,1,"atrazine"
"996",280,56,"24C_4",3,24,100,178,"24_100",16,1,"atrazine"
"997",281,57,"30C_1",1,30,100,178,"30_100",8,1,"atrazine"
"998",282,57,"30C_1",1,30,100,178,"30_100",8,1,"atrazine"
"999",283,57,"30C_1",1,30,100,178,"30_100",10,1,"atrazine"
"1000",284,57,"30C_1",1,30,100,178,"30_100",10,1,"atrazine"
"1001",285,57,"30C_1",1,30,100,178,"30_100",10,1,"atrazine"
"1002",286,58,"30C_2",1,30,100,178,"30_100",10,1,"atrazine"
"1003",287,58,"30C_2",1,30,100,178,"30_100",10,1,"atrazine"
"1004",288,58,"30C_2",1,30,100,178,"30_100",10,1,"atrazine"
"1005",289,58,"30C_2",1,30,100,178,"30_100",10,1,"atrazine"
"1006",290,58,"30C_2",1,30,100,178,"30_100",10,1,"atrazine"
"1007",291,59,"30C_3",2,30,100,178,"30_100",6,1,"atrazine"
"1008",292,59,"30C_3",2,30,100,178,"30_100",6,1,"atrazine"
"1009",293,59,"30C_3",2,30,100,178,"30_100",6,1,"atrazine"
"1010",294,59,"30C_3",2,30,100,178,"30_100",6,1,"atrazine"
"1011",295,59,"30C_3",2,30,100,178,"30_100",8,1,"atrazine"
"1012",296,60,"30C_4",3,30,100,178,"30_100",6,1,"atrazine"
"1013",297,60,"30C_4",3,30,100,178,"30_100",6,1,"atrazine"
"1014",298,60,"30C_4",3,30,100,178,"30_100",10,1,"atrazine"
"1015",299,60,"30C_4",3,30,100,178,"30_100",10,1,"atrazine"
"1016",300,60,"30C_4",3,30,100,178,"30_100",10,1,"atrazine"
"1017",301,61,"18C_1",1,18,200,258,"18_200",26,1,"atrazine"
"1018",302,61,"18C_1",1,18,200,258,"18_200",26,1,"atrazine"
"1019",303,61,"18C_1",1,18,200,258,"18_200",28,1,"atrazine"
"1020",304,61,"18C_1",1,18,200,258,"18_200",28,1,"atrazine"
"1021",305,61,"18C_1",1,18,200,258,"18_200",28,1,"atrazine"
"1022",306,62,"18C_2",2,18,200,258,"18_200",24,1,"atrazine"
"1023",307,62,"18C_2",2,18,200,258,"18_200",26,1,"atrazine"
"1024",308,62,"18C_2",2,18,200,258,"18_200",26,1,"atrazine"
"1025",309,62,"18C_2",2,18,200,258,"18_200",26,1,"atrazine"
"1026",310,62,"18C_2",2,18,200,258,"18_200",28,1,"atrazine"
"1027",311,63,"18C_3",3,18,200,258,"18_200",10,1,"atrazine"
"1028",312,63,"18C_3",3,18,200,258,"18_200",26,1,"atrazine"
"1029",313,63,"18C_3",3,18,200,258,"18_200",26,1,"atrazine"
"1030",314,63,"18C_3",3,18,200,258,"18_200",28,1,"atrazine"
"1031",315,63,"18C_3",3,18,200,258,"18_200",28,1,"atrazine"
"1032",316,64,"18C_4",2,18,200,258,"18_200",26,1,"atrazine"
"1033",317,64,"18C_4",2,18,200,258,"18_200",26,1,"atrazine"
"1034",318,64,"18C_4",2,18,200,258,"18_200",26,1,"atrazine"
"1035",319,64,"18C_4",2,18,200,258,"18_200",26,1,"atrazine"
"1036",320,64,"18C_4",2,18,200,258,"18_200",26,1,"atrazine"
"1037",321,65,"24C_1",1,24,200,258,"24_200",2,1,"atrazine"
"1038",322,65,"24C_1",1,24,200,258,"24_200",18,1,"atrazine"
"1039",323,65,"24C_1",1,24,200,258,"24_200",18,1,"atrazine"
"1040",324,65,"24C_1",1,24,200,258,"24_200",20,1,"atrazine"
"1041",325,65,"24C_1",1,24,200,258,"24_200",20,1,"atrazine"
"1042",326,66,"24C_2",2,24,200,258,"24_200",12,1,"atrazine"
"1043",327,66,"24C_2",2,24,200,258,"24_200",14,1,"atrazine"
"1044",328,66,"24C_2",2,24,200,258,"24_200",14,1,"atrazine"
"1045",329,66,"24C_2",2,24,200,258,"24_200",14,1,"atrazine"
"1046",330,66,"24C_2",2,24,200,258,"24_200",16,1,"atrazine"
"1047",331,67,"24C_3",3,24,200,258,"24_200",14,1,"atrazine"
"1048",332,67,"24C_3",3,24,200,258,"24_200",16,1,"atrazine"
"1049",333,67,"24C_3",3,24,200,258,"24_200",16,1,"atrazine"
"1050",334,67,"24C_3",3,24,200,258,"24_200",16,1,"atrazine"
"1051",335,67,"24C_3",3,24,200,258,"24_200",16,1,"atrazine"
"1052",336,68,"24C_4",3,24,200,258,"24_200",14,1,"atrazine"
"1053",337,68,"24C_4",3,24,200,258,"24_200",14,1,"atrazine"
"1054",338,68,"24C_4",3,24,200,258,"24_200",14,1,"atrazine"
"1055",339,68,"24C_4",3,24,200,258,"24_200",16,1,"atrazine"
"1056",340,68,"24C_4",3,24,200,258,"24_200",16,1,"atrazine"
"1057",341,69,"30C_1",1,30,200,258,"30_200",4,1,"atrazine"
"1058",342,69,"30C_1",1,30,200,258,"30_200",8,1,"atrazine"
"1059",343,69,"30C_1",1,30,200,258,"30_200",8,1,"atrazine"
"1060",344,69,"30C_1",1,30,200,258,"30_200",8,1,"atrazine"
"1061",345,69,"30C_1",1,30,200,258,"30_200",10,1,"atrazine"
"1062",346,70,"30C_2",1,30,200,258,"30_200",8,1,"atrazine"
"1063",347,70,"30C_2",1,30,200,258,"30_200",8,1,"atrazine"
"1064",348,70,"30C_2",1,30,200,258,"30_200",10,1,"atrazine"
"1065",349,70,"30C_2",1,30,200,258,"30_200",10,1,"atrazine"
"1066",350,70,"30C_2",1,30,200,258,"30_200",12,1,"atrazine"
"1067",351,71,"30C_3",2,30,200,258,"30_200",6,1,"atrazine"
"1068",352,71,"30C_3",2,30,200,258,"30_200",6,1,"atrazine"
"1069",353,71,"30C_3",2,30,200,258,"30_200",6,1,"atrazine"
"1070",354,71,"30C_3",2,30,200,258,"30_200",8,1,"atrazine"
"1071",355,71,"30C_3",2,30,200,258,"30_200",10,1,"atrazine"
"1072",356,72,"30C_4",3,30,200,258,"30_200",12,1,"atrazine"
"1073",357,72,"30C_4",3,30,200,258,"30_200",12,1,"atrazine"
"1074",358,72,"30C_4",3,30,200,258,"30_200",12,1,"atrazine"
"1075",359,72,"30C_4",3,30,200,258,"30_200",12,1,"atrazine"
"1076",360,72,"30C_4",3,30,200,258,"30_200",14,1,"atrazine"
